KEYWORD,CONTEXT,en,da,da notes,de,de notes,es,es notes,fa,fa notes,fr,fr notes,he,he notes,hu,hu notes,it,it notes,nl,nl notes,rk,redneck notes,ru,ru notes,vi,vi notes,zh-CHT,zh-CHT notes
ABOUT,In the nav bar. Opens the about modal,About,Om,,Über,,Acerca de,,درباره ما,,À propos,,,,Névjegy,,Crediti,,Over,,What Is It?,,O программе,,Giới thiệu,,關於,
ABOUT_CONTRIBUTORS,"In about menu, introduces those who worked on Scout-App.",Contributors to  <a href='http://github.com/scout-app/scout-app' class='external-link'>Scout-App</a>:,Bidragsydere til <a href='http://github.com/scout-app/scout-app' class='external-link'>Scout-App</a>:,,Unterstützer,,Los colaboradores para  <a href='http://github.com/scout-app/scout-app' class='external-link'>Scout-App</a>:,,,,Contributeurs de <a href='http://github.com/scout-app/scout-app' class='external-link'>Scout-App</a>:,,,,A <a href='http://github.com/scout-app/scout-app' class='external-link'>Scout-App</a> fejlesztésében közreműködtek:,,Chi ha contribuito a <a href='http://github.com/scout-app/scout-app' class='external-link'>Scout-App</a>:,,Bijdragers van de <a href='http://github.com/scout-app/scout-app' class='external-link'>Scout-App</a>:,,The fellers who made this: <a href='http://github.com/scout-app/scout-app' class='external-link'>Scout-App</a>:,,о вкладчиков k <a href='http://github.com/scout-app/scout-app' class='external-link'>Cкаут-Aппa</a>:,,Người đóng góp cho <a href='http://github.com/scout-app/scout-app' class='external-link'>Scout-App</a>:,,<a href='http://github.com/scout-app/scout-app' class='external-link'>Scout-App</a> 開發協助者:,
ABOUT_DEPENDENCIES,In About modal. Scout-App uses libraries behind-the-scenes. This gives credit and links to those libraries. 'node-sass' and 'chokidar' are library names and likely shouldn't be translated. Use best judgement.,<strong>Scout-App</strong> uses <a class='external-link' href='https://github.com/sass/node-sass'>node-sass</a> <span class='nodeSassVersion'></span> and <a class='external-link' href='https://github.com/paulmillr/chokidar'>chokidar</a> <span class='chokidarVersion'></span>.,<strong>Scout-App</strong> benytter <a class='external-link' href='https://github.com/sass/node-sass'>node-sass</a> <span class='nodeSassVersion'></span> og <a class='external-link' href='https://github.com/paulmillr/chokidar'>chokidar</a> <span class='chokidarVersion'></span>.,,,,<strong>Scout-App</strong> usa <a class='external-link' href='https://github.com/sass/node-sass'>node-sass</a> <span class='nodeSassVersion'></span> y <a class='external-link' href='https://github.com/paulmillr/chokidar'>chokidar</a> <span class='chokidarVersion'></span>.,,,,<strong>Scout-App</strong> utilise <a class='external-link' href='https://github.com/sass/node-sass'>node-sass</a> <span class='nodeSassVersion'></span> et <a class='external-link' href='https://github.com/paulmillr/chokidar'>chokidar</a> <span class='chokidarVersion'></span>.,,,,A <strong>Scout-App</strong> <a class='external-link' href='https://github.com/sass/node-sass'>node-sass</a> <span class='nodeSassVersion'></span> és <a class='external-link' href='https://github.com/paulmillr/chokidar'>chokidar</a> <span class='chokidarVersion'></span> használatával működik.,,<strong>Scout-App</strong> utilizza <a class='external-link' href='https://github.com/sass/node-sass'>node-sass</a> <span class='nodeSassVersion'></span> e <a class='external-link' href='https://github.com/paulmillr/chokidar'>chokidar</a> <span class='chokidarVersion'></span>.,,<strong>Scout-App</strong> gebruikt <a class='external-link' href='https://github.com/sass/node-sass'>node-sass</a> <span class='nodeSassVersion'></span> en <a class='external-link' href='https://github.com/paulmillr/chokidar'>chokidar</a> <span class='chokidarVersion'></span>,,<strong>Scout-App</strong> uses <a class='external-link' href='https://github.com/sass/node-sass'>node-sass</a> <span class='nodeSassVersion'></span> and <a class='external-link' href='https://github.com/paulmillr/chokidar'>chokidar</a> <span class='chokidarVersion'></span>.,,<strong>Cкаут-Aпп</strong> использует <a class='external-link' href='https://github.com/sass/node-sass'>node-sass</a> <span class='nodeSassVersion'></span> и <a class='external-link' href='https://github.com/paulmillr/chokidar'>chokidar</a> <span class='chokidarVersion'></span>.,,<strong>Scout-App</strong> sử dụng <a class='external-link' href='https://github.com/sass/node-sass'>node-sass</a> <span class='nodeSassVersion'></span> và <a class='external-link' href='https://github.com/paulmillr/chokidar'>chokidar</a> <span class='chokidarVersion'></span>.,,<strong>Scout-App</strong> 採用 <a class='external-link' href='https://github.com/sass/node-sass'>node-sass</a> <span class='nodeSassVersion'></span> 及 <a class='external-link' href='https://github.com/paulmillr/chokidar'>chokidar</a> <span class='chokidarVersion'></span>.,
ABOUT_DESCRIPTION,In About modal. A simple description of what the app is used for.,<strong>Scout-App</strong> allows you to process your <code>.sass</code> and <code>.scss</code> files into CSS without needing any knowledge of the command line.,<strong>Scout-App</strong> giver dig mulighed for at konvertere <code>.sass</code> og <code>.scss</code> filer til CSS uden kendskab til kommandolinjen.,,Mit <strong>Scout-App</strong> generierst Du deine eigenen <code>.sass</code> und <code>.scss</code>-Dateien in CSS ohne Kenntnisse von Terminal/Eingabeaufforderung.,,<strong>Scout-App</strong> le permite procesar sus ficheros <code>.sass</code> y <code>.scss</code>  en CSS sin necesitar ningún conocimiento de la linea de comandos.,,,,<strong>Scout-App</strong> vous permet de traiter vos fichiers <code>.sass</code> et <code>.scss</code> en CSS sans avoir besoin de connaissances sur la ligne de commande.,,,,"A <strong>Scout-App</strong> segít feldolgozni a <code>.sass</code> és <code>.scss</code> fájlokat, hogy parancssor ismerete nélkül is CSS stílusfájlt generálhassunk.",,<strong>Scout-App</strong> ti permette di compilare il tuoi file <code>.sass</code> e <code>.scss</code> in CSS senza conoscere e utilizzare la linea di comando.,,<strong>Scout-App</strong> laat je <code>.sass</code> en <code>.scss</code> bestanden verwerken zonder enige kennis van de command line.,Not certain on 'Command Line',This here <strong>Scout-App</strong> lets you turn your <code>.sass</code> and <code>.scss</code> files into .css files without needed no schoolin' in code or command-line nonesense.,,<strong>Cкаут-Aппa</strong> позволяет обрабатывать <code>.sass</code> и <code>.scss</code> файлы в CSS без использования командной строки,,<strong>Scout-App</strong> cho phép bạn xử lý các tệp <code>.sass</code> và <code>.scss</code> thành CSS mà không cần kiến thức về dòng lệnh.,,"無須任何命令列指令, <strong>Scout-App</strong> 幫你自動轉換 <code>.sass</code> 和 <code>.scss</code> 代碼至 CSS",
ABOUT_SCOUTAPP,In About modal. There is a section for Scout-App and a section for UGUI. This is the title for the Scout-App section.,About Scout-App,Om Scout-App,,,,Acerca de Scout-App,,درباره نرم افزار,,Apropos de Scout-App,,אודות Scout-App,,Scout-App névjegye,,Informazioni su Scout-App,,Over Scout-App,,About Scout-App,,O Cкаут-Aппa,,Về Scout-App,,關於 Scout-App,
ABOUT_VISIT_UPDATE,Text that is followed by a link to the scout-app website.,Visit the Scout-App website to check for updates:,Besøg Scout-App websitet for at tjekke for opdateringer:,,,,Visitar el sitio web de Scout-App para comprobar las actualizaciones:,,بازدید از وب سایت پیشآهنگی برنامه برای به روز رسانی:,Google Translated,Visitez le site Web de Scout-App pour vérifier les mises à jour:,,,,Az aktuális frissítésekért látogasson el a Scout-App honlapjára:,,Visita il sito di Scout-App per verificare gli aggiornamenti:,,Bezoek de Scout-App website voor updates,,Look here for updates:,,"Посетите сайт Cкаут-Aппa, чтобы проверить для обновления:",,Truy cập vào trang web của Scout-App để kiểm tra các bản cập nhật:,,到 Scout-App 網站看看有沒有更新:,
ADD_A_PROJECT,"When you first start Scout-App or have 0 projects imported, we show this button on the screen.",Add a Project,Tilføj et Projekt,Google Translated,Neues Projekt,,Añadir un Proyecto,,,,Ajouter un projet,,,,Projekt hozzáadása,,Aggiungere un Progetto,Google Translated,Voeg een Project,Google Translated,Let's Make A Project!,,Добавить проект,,Thêm một dự án,,新增專案,
ADD_GROUP_OF_PROJECTS,"When you first start Scout-App or have 0 projects imported, we show this button on the screen.",Add Group of Projects,Tilføj Gruppe af projekter,Google Translated,Neue Gruppe,,Añadir un grupo de Proyectos,,,,Ajouter un groupe de projets,,,,Projektcsoport hozzáadása,,Aggiungere Gruppo di Progetti,Google Translated,Groep toevoegen van projecten,Google Translated,Truckload of Projects,,Добавить группы проектов,,Thêm nhóm các dự án,,新增多個專案,
ADD_PROJECT,In the sidebar. Allows the user to select a project folder on their computer. Then it adds the project to Scout-App.,Add Project,Tilføj projekt,,Projekt hinzufügen,,Añadir Proyecto,,افزودن پروژه,,Ajouter un projet,,,,Projekt hozzáadása,,Aggiungi progetto,,Project Toevoegen,,Let's Make A Project!,,добав проект,,Thêm dự án,,新增專案,
ALERT_TITLE,"When processing Sass to CSS, if there is an error in the user's Sass code, we display an alert with this as the title. 'Line' is what line of the file had the error. 'Col' is short for Column and is how many characters from the start of a line to find the error.",<strong>{{time}}</strong> Error (0x0{{code}}) - Line: <strong>{{bugLine}}</strong> Col: <strong>{{col}}</strong>,<strong>{{time}}</strong> Fejl (0x0{{code}}) - Linje: <strong>{{bugLine}}</strong> Kolonne: <strong>{{col}}</strong>,,,,<strong>{{time}}</strong> Error (0x0{{code}}) - Line: <strong>{{bugLine}}</strong> Col: <strong>{{col}}</strong>,,عنوان خطا,,<strong>{{time}}</strong> Erreur (0x0{{code}}) - Ligne: <strong>{{bugLine}}</ strong> Colonne: <strong>{{col}}</ strong >,,,,"<strong>{{time}}</strong> Hiba (0x0{{code}}) - Sor: <strong>{{bugLine}}</strong>, oszlop: <strong>{{col}}</strong>",,<strong>{{time}}</strong> Errore (0x0{{code}}) - Linea: <strong>{{bugLine}}</strong> Col: <strong>{{col}}</strong>,,<strong>{{time}}</strong> Fout (0x0{{code}}) - Lijn: <strong>{{bugLine}}</strong> Kol: <strong>{{col}}</strong>,,<strong>{{time}}</strong> Oh Shit! Error (0x0{{code}}) - Line: <strong>{{bugLine}}</strong> Col: <strong>{{col}}</strong>,,<Strong>{{time}}</strong> Ошибка (0x0 {{code}}) - линии: <strong>{{bugLine}}</strong> Кол: <strong>{{col}}</strong>,,<strong>{{time}}</strong> Lỗi (0x0{{code}}) - Dòng: <strong>{{bugLine}}</strong> Cột: <strong>{{col}}</strong>,,"<strong>{{time}}</strong> 錯誤 (0x0{{code}}) - 第 <strong>{{bugLine}}</strong> 行, 字元數: <strong>{{col}}</strong>",
APPLICATION_TITLE,Shows in the title bar of the app window.,Scout-App: The Sass GUI,Scout-App: Sass GUI'et,,,,Scout-App: La interfaz gráfica de usuario Sass,,پیشآهنگی برنامه: رابط کاربری گرافیکی بی احترامی صحبت کردن,Google Translated,Scout-App: L'interface graphique Sass,,,,Scout-App: Sass Grafikus interfész,,Scout-App: L'interfaccia grafica per Sass,,Scout-App: De Sass grafische gebruikers interface,,Scout-App: The Sass GUI that'll butter your biscuits!,,Cкаут-Aпп: GUI для Sass,,Scout-App: Ứng dụng biên dịch Sass,,Scout-App: The Sass GUI,
BROWSE,This is displayed when the user hovers over an element that can browse their computer for a file or folder.,Browse,Gennemse,,Durchsuchen,,Visualizar,,کاوش و انتخاب,,Feuilleter,,,,Tallózás,,Naviga,,Browse,,Look Around,,просматривать,,Duyệt,,查看檔案/資料夾,
CANCEL,When the user is removing a project they can choose 'Remove' or 'Cancel' as an action.,Cancel,Annuller,,Abbrechen,,Cancelar,,لغو,,Annuler,,,,Mégse,,Annulla,,Annuleer,,Nevermind,,Отмен,,Bỏ qua,,取消,
CAT_SCREAMING_NO,"When the user is removing a project, an image of a cat is displayed. The cat looks like it is trying to stop something bad from happening at the last moment. This is the alternative text for the image, for those who are visually imparied.",Cat screaming 'NO!',Katten skriger 'NEEEJ!',,Katze schreit 'NO!',,Grito al gato ¡NO!,,حذف پروژه,,Chat hurlant 'NON!',,,,Miaúúú 'NEEE!',,Il gatto dice di NO!,,Kat schreeuwt 'NEEEEE!',,Hold your horses!,,"Кот, который кричит 'НЕТ'",,Mèo hét lên 'KHÔNG!',,貓大叫 `不!',
CHECK_FOR_UPDATES,A button in the about menu to check for newer versions of Scout-App,Check for updates,Tjek for opdateringer,,Auf Updates prüfen,,Comprobar si hay actualizaciones,,بررسی آپدیت جدید,,Vérifier les mises à jour,,,,Frissítések keresése,,Controlla aggiornamenti,,Check voor updates,,Anything new?,,провер для обновления,,Kiểm tra cập nhật,,檢查更新,
CONFIRM_DELETE,When the user is removing a project we ask them to confirm with this. Then the user selects 'Remove' or 'Cancel'.,Are you sure?,Er du sikker?,,,,¿Está seguro?,,ایا مطمئن هستی میخوای پروژه رو حذف کنی ؟!,,Êtes-vous sûr?,,,,Biztosan eltávolítja?,,Sei sicuro?,,Ben je zeker?,,You sure boy?,,"Вы уверены, что хотите удалить этот проект",,Bạn chắc chứ?,,你確定嗎?,
DELETE,When the user is removing a project they can choose 'Remove' or 'Cancel' as an action.,Remove,Fjern,,,,Borrar,,حذف,,Retirer,,,,Eltávolítás,,Rimuovi,,Verwijder,,Shoot It,,Удалить,,Xóa,,移除,
DELETE_PROJECT,"In the project settings view, there is a button that allows you to remove the project from Scout-App.",Remove Project,Fjern projekt,,,,Borrar Proyecto,,حذف پروژه,,Retirer le Project,,,,Projekt eltávolítása,,Rimuovi progetto,,Verwijder Project,,Shoot It Dead,,Удалить проект,,Xóa dự án,,移除專案,
DEV_TOOLS,In the View menu of the nav bar the user can click on 'Dev Tools' to launch Developer tools to debug Scout-App itself.,Dev Tools,Udvikler værktøjer,,,,Herramientas de Desarrollo,,ابزار توسعه,,Outils de Développement,,,,Fejlesztői eszközök,,Strumenti di sviluppo,,Ontwikkelaarstools,,TOOLS!,,Инструменты разработки,,Công cụ phát triển,,開發工具,
DEVELOPMENT,"In the project settings view, under the Enivornment section the user can select either 'Development' or 'Production'. Which effects how their CSS will be outputted. Either with Sass mapping and line comments or without.",Development,Udvikling,,,,Desarrollo,,کد نویسی,,Développement,,,,Fejlesztői,,Sviluppo,,Ontwikkeling,,We're Live!,,разработка,,Phát triển,,開發中,
ENVIRONMENT,In the project settings view. This is a section heading that controls the way/format the user's CSS will be outputted. The pick bewteen a production or development environemnt. It is a choice of intent for the purpose of the processed CSS.,Environment,Miljø,,,,Entorno,,محیط,Google Translated,Environnement,,,,Környezet,,Tipo di ambiente,,Milieu,,Trailer Park,,окружение,,Môi trường,,專案環境,
EXIT,In the File menu of the Nav Bar. This is a menu item that will close Scout-App if clicked.,Exit,Luk,,,,Salir,,خروج,,Quitter,,,,Kilépés,,Esci,,Stop,,Goodbye,,Выход,,Thoát,,關閉,
FILE,"This is a menu item in the nav bar, it contains a submenu of 'New Project', 'Preferences', and 'Exit'",File,Filer,,,,Fichero,,فایل,,Fichier,,,,Fájl,,File,,Archief,,File,,файл,,Tệp,,檔案,
FOUND_SOME_PROJECTS,"When you first start Scout-App or have 0 projects imported, we scan your drive for projects. If any are found it is shown on screen.",found {{0}} projects,placeret {{0}} projekter,Google Translated,{{0}} Projekte gefunden,,encontrados {{0}} proyectos,,,,a trouvé {{0}} projets,,,,{{0}} projekt található,,trovati {{0}} progetti,Google Translated,gelegen {{0}} projecten,Google Translated,Seen't {{0}} projects,,найдено {{0}} проектов,,phát hiện {{0}} dự án,,找到 {{0}} 個專案,
FTUX_DRAG_DROP,"When you first start Scout-App or have 0 projects imported, we display large instructions to drag and drop on the screen.",<h3>Drag and Drop</h3> <h4>anywhere to import projects</h4>,<h3>Træk og slip</ h3> <h4>overalt at importere projekter</h4>,Google Translated,,,<h3>Arrastrar y soltar</h3> <h4>en cualquier lugar para importar proyectos</h4>,,,,<h3>Glisser-déposer</h3> <h4>n'importe où pour importer des projets</h4>,,,,<h3>Fogd és vidd</h3> <h4>bárhonnan importálhatók projektek</h4>,,<h3>Trascinare e Rilasciare</ h3> <h4>ovunque per importare progetti</h4>,Google Translated,<h3>Slepen en neerzetten</h3> <h4>overal aan projecten importeren</h4>,Google Translated,<h3>Toss it here</h3> <h4>any ol' project</h4>,,<h3>Перетаскaeти</h3> <h4>в любом месте итмпортировать проекты</ h4>,Google Translated,<h3>Kéo và Thả</h3> <h4>để thêm dự án từ bất kỳ đâu</h4>,,<h3>拖放</h3> <h4>到任何位置來匯入專案</h4>,
IMPORT_ADD_GROUP,"In the File menu, if you click ""Multi-Project Import"", a modal appears. This is a button is at the bottom of the import table.",Add Group of projects,Tilføj Gruppe af projekter,Google Translated,,,Añadir un grupo de proyectos,,,,Ajouter un Groupe de projets,Google Translated,,,Projektcsoport hozzáadása,,Aggiungere gruppo di progetti,Google Translated,Add Group or projects,Google Translated,Bucket o' projects,,Добавить группу проектов,,Thêm nhóm các dự án,,加入多個專案,
IMPORT_ADD_PROJECT,"In the File menu, if you click ""Multi-Project Import"", a modal appears. This is a button is at the bottom of the import table.",Add another project,Tilføj et andet projekt,Google Translated,,,Añadir otro proyecto,,,,Ajouter un autre projet,Google Translated,,,Újabb projekt hozzáadása,,Aggiungere un altro progetto,Google Translated,Add another project,Google Translated,One more will do,,Добавить еще один проект,,Thêm dự án khác,,加入其他專案,
IMPORT_DRAG_DROP,"In the File menu, if you click ""Multi-Project Import"", a modal appears. This is a button is at the bottom of the import table.",Drag & Drop,Træk og slip,Google Translated,,,Arrastrar y Soltar,,,,Glisser déposer,Google Translated,,,Fogd és vidd,,Trascinare e Rilasciare,Google Translated,"Slepen, laten vallen",Google Translated,Toss it on the pile,,Перетаскивание,Google Translated,Kéo & Thả,,拖放,
IMPORT_HEADER,"In the File menu, if you click ""Multi-Project Import"", a modal appears. In the header of it this is displayed.",{{0}} Selected Projects,{{0}} Udvalgte Projekter,Google Translated,,,{{0}} Proyectos seleccionados,,,,{{0}} Projets Sélectionnés,Google Translated,,,{{0}} kiválasztott projekt,,{{0}} progetti selezionati,Google Translated,{{0}} Geselecteerde Projecten,Google Translated,Pickin' bout {{0}} projects,,{{0}} Отдельные проекты,Google Translated,{{0}} dự án được chọn,,{{0}} 個選取專案,
IMPORT_INPUT,"In the File menu, if you click ""Multi-Project Import"", a modal appears. In the table header this is displayed.",Input (Sass),Input (Sass),Google Translated,,,Entrada (Sass),,,,Entrée (Sass),Google Translated,,,Bemenet (Sass),,Ingresso (Sass),Google Translated,Invoer (Sass),Google Translated,Input (Sass),,Вход (Sass),,Đầu vào (Sass),,輸入 (Sass),
IMPORT_OUTPUT,"In the File menu, if you click ""Multi-Project Import"", a modal appears. In the table header this is displayed.",Output (CSS),Output (CSS),Google Translated,,,Salida (CSS),,,,Sortie (CSS),Google Translated,,,Kimenet (CSS),,Uscita (CSS),Google Translated,Uitgang (CSS),Google Translated,Output (CSS),,Вывод (CSS),,Đầu ra (CSS),,輸出 (CSS),
IMPORT_PROJECT_NAME,"In the File menu, if you click ""Multi-Project Import"", a modal appears. In the table header this is displayed.",Project Name,Projekt Navn,Google Translated,,,Nombre del proyecto,,,,Nom du Projet,Google Translated,,,Projekt neve,,Nome del Progetto,Google Translated,Naam van het project,Google Translated,Project Name,,название проекта,,Tên dự án,,專案名稱,
IMPORT_PROJECTS,"When the user has no projects, we display a list of suggested projects to import. This is the title for the section that contains the suggested projects.",Import Projects,Indlæs projekter,,Projekt importieren,,Importar Proyectos,,پروژه های واردات,Google Translated,Importer des Projets,,,,Projekt importálása,,Importa progetti,,Importeer Projecten,,Bring Your Own Projects,,импортировать проекты,,Nhập khẩu dự án,,匯入專案,
INPUT_FOLDER,"In the project settings view, this is the label for the input field where the user sets their project's Sass folder",Input Folder:,Input mappe:,,,,Carpeta de Entrada:,,پوشه ورودی:,Google Translated,Dossier d'entrée:,,,,Bemeneti mappa:,,Cartella di origine:,,Invoermap,,Input Folder:,,папка ввода,,Đầu vào (Sass):,,輸入資料夾:,
LANG_DA,"In the preferences modal, options for language choices.",Danish (Dansk),Dansk,,Dänisch (Dansk),Google Translated,Danés (Dansk),, دانمارکی (Dansk),Google Translated,Danois (Dansk),,,,Dán (Dansk),,Danese (Dansk),,Deens (Dansk),,Danish (Dansk) - good desserts,,Датский (Dansk),,Tiếng Đan Mạch (Dansk),,丹麥語 (Dansk),
LANG_DE,"In the preferences modal, options for language choices.",German (Deutsch),Tysk (Deutsch),Google Translated,Deutsch,Google Translated,Alemán (Deutsch),,آلمانی (Deutsch),Google Translated,Allemand (Deutsch),,,,Német (Deutsch),,Tedesco (Deutsch),Google Translated,Duits (Deutsch),Google Translated,German (Deutsch) - Hamburger Land!,,Немецкий (Deutsch),,Tiếng Đức (Deutsch),,德語 (Deutsch),
LANG_EN,"In the preferences modal, options for language choices.",English,Engelsk (English),,Englisch (English),Google Translated,Inglés (English),, انگلیسی (English),Google Translated,Anglais (English),,,,Angol (English),,Inglese (English),,Engels (English),,English,,Aнглийский (English),,Tiếng Anh (English),,英文 (English),
LANG_ES,"In the preferences modal, options for language choices.",Spanish (Español),Spansk (Español),Google Translated,Spanisch (Español),Google Translated,Español,,اسپانیایی (Español),Google Translated,Espagnol (Español),,,,Spanyol (Español),,Spagnolo (Español),Google Translated,Spaans (Español),Google Translated,Spanish (Español) - Drywall buddies,,Испанский (Español),,Tiếng Tây Ban Nha (Español),,西班牙語 (Español),
LANG_FA,"In the preferences modal, options for language choices.",(فارسی) Persian,(فارسی) Persisk,Google Translated,(فارسی) Persisch,Google Translated,(فارسی) Persa,,فارسی,Google Translated,(فارسی) Persan,,,,(فارسی) Fárszi,,(فارسی) Persiano,Google Translated,(فارسی) Perzisch,Google Translated,Persian (فارسی) - My ex's cat was Persian,, (فارسی) Персидский,,(فارسی) Tiếng Ba Tư ,,(فارسی) 波斯語,
LANG_FR,"In the preferences modal, options for language choices.",French (Français),Fransk (Français),,Französisch (Français),Google Translated,Francés (Français),,فرانسوی (Français),Google Translated,Français,,,,Francia (Français),,Francese (Français),,Frans (Français),,French (Français) - pansies,,Французский (Français),,Tiếng Pháp (Français),,法語 (Français),
LANG_HE,"In the preferences modal, options for language choices.",(עִברִית) Hebrew,(עִברִית) Hebrew,Google Translated,(עִברִית) Hebräisch,Google Translated,(עִברִית) Hebreo,Google Translated,فارسی (עִברִית),Google Translated,(עִברִית) Hébreu,Google Translated,עִברִית,Google Translated,(עִברִית) Héber,Google Translated,(עִברִית) Ebraico,Google Translated,(עִברִית) Hebreeuws,Google Translated,Hebrew (עִברִית) - funny little hats,,(עִברִית) Иврит,Google Translated,(עִברִית) Hebrew,Google Translated,(עִברִית) 希伯來語,Google Translated
LANG_HU,"In the preferences modal, options for language choices.",Hungarian (Magyar),Ungarsk (Magyar),Google Translated,Ungarisch (Magyar),Google Translated,Húngaro (Magyar),,مجارستانی (Magyar),Google Translated,Hongrois (Magyar),,,,Magyar,,Ungherese (Magyar),Google Translated,Hongaars (Magyar),Google Translated,Hungarian (Magyar) - Hungry,,Венгерский (Magyar),,Tiếng Hungary (Magyar),,匈牙利語 (Magyar),
LANG_IT,"In the preferences modal, options for language choices.",Italian (Italiano),Italiensk (Italiano),Google Translated,Italienisch (Italiano),Google Translated,Italiano (Italiano),,ایتالیایی (Italiano),Google Translated,Italien (Italiano),,,,Olasz (Italiano),,Italiano,,Italiaans (Italiano),,Italian (Italiano) - Pizza Land!,,Итальянский (Italiano),,Tiếng Ý (Italiano),,義大利語 (Italiano),
LANG_NL,"In the preferences modal, options for language choices.",Dutch (Nederlands),Hollandsk (Nederlands),,Niederländer (Nederlands),Google Translated,Holandés (Nederlands),,هلندی (Nederlands),Google Translated,Néerlandaise (Nederlands),,,,Holland (Nederlands),,Olandese (Nederlands),,Nederlands,,Dutch (Nederlands) - what?,,Голландский (Nederlands),,Tiếng Hà Lan (Nederlands),,荷蘭語 (Nederlands),
LANG_RK,"In the preferences modal, options for language choices.",Redneck (Real America),Amerikansk Bondeknold (Redneck),Google Translated,Amerikanisches Yokel (Real America),Google Translated,Campesino Sureño (Real America),,دهاتی آمریکا (Real America),Google Translated,Rustre Américain (Redneck),,,,Paraszt Amcsi (Redneck),,Americano Campagnolo (Redneck),Google Translated,Amerikaanse Boerenpummel (Redneck),,Real America,,деревенский Американский (Redneck),,Tiếng Mỹ đời thường (Redneck),,美國粗話 (Redneck),
LANG_RU,"In the preferences modal, options for language choices.",Russian (русский),Russisk (русский),,Russisch (русский),Google Translated,Ruso (русский),,روسی (русский),Google Translated,Russe (русский),,,,Orosz (русский),,Russo (русский),,Russisch (русский),,Russian (русский) - hot wives,,Русский,,Tiếng Nga (русский),,俄語 (русский),
LANG_VI,"In the preferences modal, options for language choices.",Vietnamese (Tiếng Việt),Vietnamesisk (Tiếng Việt),Google Translated,Vietnamesisch (Tiếng Việt),Google Translated,Vietnamita (Tiếng Việt),,(Tiếng Việt) ویتنامی,Google Translated,Vietnamien (Tiếng Việt),,,,Vietnami (Tiếng Việt),,Vietnamita (Tiếng Việt),Google Translated,Vietnamees (Tiếng Việt),Google Translated,Nam (Tiếng Việt) - Charlie,,Вьетнамский (Tiếng Việt),,Tiếng Việt,,越南語 (Tiếng Việt),
LANG_ZH-CHT,"In the preferences modal, options for language choices.",Chinese Traditional (中文),Traditionelt Kinesisk (中文),Google Translated,,,Chino Tradicional (中文),,,,Chinois Traditionnel (中文),,,,Hagyományos kínai (中文),,Tradizionale Cinese (中文),Google Translated,Traditioneel Chinees (中文),Google Translated,Chinese Traditional (中文) - the best knockoffs,,Китайский традиционный (中文),,Tiếng Trung Quốc truyền thống (中文),,繁體中文 (Traditional Chinese),
LANGUAGE_CHOICE,"In the preferences modal, this is the label for the language dropdown.",Language:,Sprog:,,,,Idioma:,,زبان:,Google Translated,Langue:,,,,Nyelv:,,Lingua:,,Taal:,,Language:,,Выбор языков,,Ngôn ngữ:,,選擇語言: ,
LATEST_VERSION,"In the About modal, after the user checks for updates, if there is no newer version available this is displayed.",You have the latest version of Scout-App.,Du har den seneste version af Scout-App,,,,Tiene la última versión de Scout-App.,,شما باید آخرین نسخه از پیشآهنگی برنامه.,Google Translated,Vous avez la dernière version de Scout-App.,,,,A Scout-App legújabb verziója.,,Stai usando l'ultima versione di Scout-App.,,Je hebt de nieuwste versie van de Scout-App,,"Relax man, you have the latest version.",,У вас есть последняя версия Cкаут-Aппa,,Bạn đang sử dụng phiên bản mới nhất.,,你的 Scout-App 已經是最新版本,
LISTING_OF_PROJECTS,This is a label for the side bar for those who are visually impaired.,Listing of projects,Lister alle projekter,,,,Listado de proyectos,,لیست پروژه های,Google Translated,Liste des projets,,,,Projektek listája,,Lista dei progetti,,Project Lijst,,A whole mess of projects,,Перечисление проектов,,Liệt kê các dự án,,專案列表,
MESSAGES_DESKTOP,"In the preferences, checkbox allowing you to set if messages or alerts pop up a desktop notification.",Desktop Notification,Skrivebordsunderretninger,Google Translated,,,Notificación de Escritorio,,هشدار از طریق دسکتاپ,Google Translated,Notification de Bureau,,,,Asztali értesítések,,Notifiche desktop.,,Bureaublad Meldingen,,Pop up thingers,,Обои для рабочего уведомления,Google Translated,Thông báo trên màn hình,,桌面通知,
MESSAGES_IN_APP,"In the preferences, checkbox allowing you to set if messages or alerts are displayed inside of Scout-App.",In App,I App,Google Translated,,,En App,,در نرم افزار,Google Translated,Dans l'application,,,,Az alkalmazásban,,Nell'App,,In App,,In App,Could be better,В приложении,"here, prilozheniya the second word, could, informally be replaced with the russified word Application, apliikatsaya, but it's mostly a question of style and ~correctness vs vernacular~ so since you use priilozheniya here we will continue to use it",Trong ứng dụng,,程式內通知,
MESSAGES_SOUND,"In the preferences, checkbox allowing you to set if messages or alerts play a sound when they occur.",Play Sound,Afspil lyd,Google Translated,,,Reproducir Sonido,,پخش صدا,Google Translated,Jouer un son,,,,Hangjelzés,,Notifica con suono,,Geluid afspelen,,Air horn,,воспроизведение аудио,Google Translated,Phát âm thanh,,撥放音效,
MESSAGES_TITLE_ERROR,"In the preferences, this is the label above the error message choices.",Error Messages,Fejlmeddelelser,Google Translated,,,Mensajes de Error,,پیغام خطا,Google Translated,Messages d'erreur,,,,Hibaüzenetek,,Messaggi d'errore,,Foutmeldingen,,Fubar'd that one,,Сообщения об ошибках,,Báo lỗi,,錯誤訊息,
MESSAGES_TITLE_SUCCESS,"In the preferences, this is the label above the success message choices.",Success Messages,Succes Beskeder,Google Translated,,,Mensajes de Éxito,,پیام های موفقیت,Google Translated,Messages de succès,,,,Teljesítési üzenetek,,Messaggi di conferma,,Succes Berichten,,Blue Ribbon,,Сообщения успеха,,Báo thành công,,成功訊息,
MILLISECONDS_SHORT,When Scout-App successfully processes Sass files to CSS we output a message. When the user hovers over the message it states 'Project Name | Processed in 224 ms',ms,ms,,,,ms,,میلی ثانیه,Google Translated,ms,,,,ms,,ms,,ms,,ms,,ms,,mili giây,,毫秒,
MISSING_DATA,In the sidebar. A project cannot be run if it is missing an input or output folder. So we display an icon and this hover text as an explanation.,Missing input or output folder.,Mangler input eller output mappe.,,,,Ausencia de carpeta de entrada o salida,,فقدان ورودی و یا پوشه خروجی.,Google Translated,Entrée ou le dossier de sortie manquant.,,,,"Hiányzó bemeneti, vagy kimeneti mappa.",,Cartella di origine o di destinazione mancante,,Je mist een invoermap of een uitvoermap,,There ain't no damn input or output folder!,,папка вход или выход отсутствует,,Thiếu thư mục đầu vào hoặc đầu ra.,,找不到輸入或輸出資料夾,
MULTI_IMPORT_BUTTON,"In the File menu, if you click ""Multi-Project Import"", a modal appears. This button is at the bottom.",Import {{0}} Projects,Importer {{0}} Projekter,Google Translated,,,Importar {{0}} Proyectos,,,,Importer {{0}} Projets,Google Translated,,,{{0}} projekt importálása,,Importa {{0}} progetti,Google Translated,Importeer {{0}} Projecten,Google Translated,"{{0}} Projects, let's roll",,Импорт {{0}} проектов,Google Translated,Nhập {{0}} dự án,,匯入 {{0}} 個專案,
MULTIPROJECT_IMPORT,"Under 'File' in the nav bar, this is an option. It opens a modal to import multiple projects at once.",Multi-Project Import,Importer Flere Projekter,Google Translated,,,Importación de Múltiples Proyectos,,,,Importation de Projets Multiples,Google Translated,,,Több projekt importálása,,Importa Progetto Multipla,Google Translated,Importeer meerdere projecten,Google Translated,Pull in a buncha projects,,Импорт нескольких проектов,Google Translated,Nhập dự án hàng loạt,,匯入多個專案,
NEW_PROJECT,"Under 'File' in the nav bar, this is an option. It lets the user browse for a project folder to add to Scout-App.",New Project,Nyt projekt,,,,Nuevo Proyecto,,پروژه جدید,Google Translated,Nouveau Projet,,,,Új projekt,,Nuovo processo,,Nieuw Project,,Start a whole new project,,новый проект,,Dự án mới,,新增專案,
NO_SASS_FILES,"When the user runs a project, but its input folder doesn't have any Sass files that can be processed, this error message is displayed.",This project's input folder contains no Sass files that can be processed.,"Dette projekt input mappe indeholder ingen Sass filer, der kan behandles.",Google Translated,,,La carpeta de entrada de este proyecto no contiene archivos Sass que se pueden procesar.,,پوشه ورودی این پروژه شامل هیچ فایل بی احترامی صحبت کردن است که می تواند پردازش شده است.,Google Translated,Le dossier d'entrée de ce projet ne contient aucun fichier Sass pouvant être traité.,,,,A projekt bemeneti mappájában nem találhatók sass fájlok.,,Cartella di input di questo progetto non contiene file Sass che possono essere elaborati.,Google Translated,Folder van dit project ingang bevat geen Sass bestanden die kunnen worden verwerkt.,Google Translated,Ya done goofed. You ain't got no files in your input folder.,,"Папка ввода данного проекта не содержит файлов Sass, которые могут быть обработаны.",,Thư mục đầu vào của dự án này không chứa tệp Sass mà có thể xử lý được.,,專案中的輸入資料夾找不到任何 Sass 檔案,
NOTIFICATIONS_CHOICE,"In the preferences modal, this is the label above the notification settings.",Notifications,Underretninger,Google Translated,,,Notificaciones,,اطلاعیه,Google Translated,Notifications,,,,Értesítések,,Notifiche,,Meldingen,,Squawkin' and carryin' on,,Уведомления,,Thông báo,,通知,
OUTPUT_COMPACT,"In the project settings view, there is a setting for the level of compression for the outputted CSS. This is one of the options.",Compact,Kompakt,,,,Compacto,,جمع و جور,Google Translated,Compact,,,,Kompakt,,Compatto,,Compact,,Make It Small,,компактный,,Gọn gàng,,簡潔,
OUTPUT_COMPRESSED,"In the project settings view, there is a setting for the level of compression for the outputted CSS. This is one of the options.",Compressed,Komprimeret,,,,Comprimido,,فشرده,Google Translated,Compressé,,,,Tömörített,,Compresso,,Gecomprimeerd,,Compress it too,,Сжатый,,Nén,,壓縮,
OUTPUT_EXPANDED,"In the project settings view, there is a setting for the level of compression for the outputted CSS. This is one of the options.",Expanded,Expanded,?,,,Expandido,,منبسط,Google Translated,Étendu,,,,Kiterjesztett,,Espanso,Or: Verboso.,Uitgebreid,,Make it bigger,,расширенный,,Mở rộng,,擴展,
OUTPUT_FOLDER,"In the project settings view, this is the label for the input field where the user sets their project's CSS folder",Output Folder:,Output mappe:,,,,Carpeta de Salida:,,پوشه خروجی:,Google Translated,Dossier de Sortie:,,,,Kimeneti mappa:,,Cartella di destinazione:,,Uitvoermap,,Output Folder:,,папка вывода,,Đầu ra (CSS):,,輸出資料夾:,
OUTPUT_NESTED,"In the project settings view, there is a setting for the level of compression for the outputted CSS. This is one of the options.",Nested,Nested,?,,,Anidado,,تو در تو,Google Translated,Imbriqué,,,,Beágyazott,,Annidato,,Genesteld,,Nested,,вложенные,,Lồng nhau,,嵌套,
OUTPUT_STYLE,"In the project settings view, there is a dropdown to pick the level of compression to use for outputted CSS files. This is the first option and the hover text.",Output Style,Output stil,,,,Estilo de Salida,,گزینه خروجی,Google Translated,Style de Sortie,,,,A kimeneti CSS fájl stílusa,,Stile del codice prodotto,"Output is also understandable, you can use Stile dell'output instead",Uitvoer Stijl,,Output Style,,стиль вывода,,Kiểu đầu ra,,輸出類型,
OUTPUT_WARNING,In the project settings view. This is a warning message displayed when the user's input and output folders match or the output is a subfolder of the input.,Output can't match or be a subfolder of input.,Output kan ikke være samme eller undermappe til input.,,,,La salida no puede coincidir o ser una subcarpeta de entrada.,,خروجی نمی تواند مسابقه و یا یک زیر پوشه از ورودی.,Google Translated,La sortie peut ne pas correspondre ou être un sous-dossier de l'entrée.,,,,"A kimeneti hely nem megfelelő, vagy a bemenet egy almappája.",,"La cartella di destinazione e di origine devono essere cartelle separate, non possono essere nè la stessa, nè essere sottocartelle.",,Uitvoer kan niet/hetzelfde zijn als de submap of invoer,,Output can't match or be a subfolder of input.,,Выход не может совпадать или быть вложенной B ввода.,,Đầu vào không hợp lệ hoặc là thư mục con của đầu ra.,,輸出不能和輸入使用同一資料夾或是其子資料夾,
PREFERENCES,In the File menu of the Nav Bar. This is a menu item that will show the Preferences modal if clicked.,Preferences,Indstillinger,,,,Preferencias,,تنظیمات,Google Translated,Préférences,,,,Beállítások,,Preferenze,,Instellingen,Actually means 'settings',Preferences,,предпочтения,,Tùy chọn,,偏好設定,
PROCESSED_IN_DURATION,When Scout-App successfully processes Sass files to CSS we output a message. When the user hovers over the message it states 'Project Name | Processed in 224 ms',Processed in {{duration}},Behandlet på {{duration}},,,,Procesado en {{duration}},,پردازش در {{duration}},Google Translated,Transformé en {{duration}},,,,{{duration}} alatt feldolgozva,,Processato in {{duration}},,Verwerkt in {{duration}},,Processed in {{duration}},,Переработанные в {{duration}},,Xử lý trong {{duration}},,處理時間: {{duration}},
PRODUCTION,"In the project settings view, under the Enivornment section the user can select either 'Development' or 'Production'. Which effects how their CSS will be outputted. Either with Sass mapping and line comments or without.",Production,Produktion,,,,Producción,,تولید,Google Translated,Production,,,,Produkciós,,Produzione,,Productie,,Production,,производство,,Thực tế,,上線,
PROJECT_CONTROLS,In the sidebar this is hidden text used for those who are visually impaired. It references the buttons below the listing of projects,Project Controls,Projekt knapper,,,,Controles del Proyecto,,کنترل پروژه,Google Translated,Contrôle de Projets,,,,Projekt vezérlők,,Controlli del progetto,,Project controles,,Project Controls,,Регуляторы проекта,,Project Controls,,專案控制,
PROJECT_ICON,"In the project settings view, this is the alternative text for the project's icon for those who are visually impaired.",Project Icon,Projekt ikon,,,,Icono del Proyecto,,نماد پروژه,Google Translated,Icône du Projet,,,,Projekt ikon,,Icona del progetto,,Project Icoon,,Project Icon,,Иконка для проекта,,Project Icon,,專案圖示,
SCOUTAPP_LOGO,This is alternative text for the logo in the top left of the app for those using screen readers.,Scout-App Logo,Scout-App logo,,,,Logo de Scout-App,,لوگو پیشآهنگی برنامه,Google Translated,Scout-App Logo,,,,Scout-App logó,,Logo di Scout-App,,Scout-App Logo,,Scout-App Logo,,Cкаут-Aпп логотип,,Scout-App Logo,,Scout-App Logo,
SECONDS,When Scout-App successfully processes Sass files to CSS we output a message. When you hover over the message it states 'Project Name | Processed in 1.2 seconds' if it takes longer than 500 miliseconds.,seconds,sekunder,,,,segundos,,دومین,Google Translated,secondes,,,,másodperc,,secondi,,Seconden,,seconds,,секунд,,giây,,秒,
SELECT_DESELECT_ALL,"On the Multi-Project Import modal, the top most checkmark has this assistive text for the visually impaired.",Select/Deselect All,Vælg/Fravælg alle,Google Translated,,,Seleccionar/Deseleccionar todo,,,,Sélectionner/Désélectionner tout,,,,Mind kijelölése / Kijelölések törlése,,Selezionare/deselezionare tutti,Google Translated,Selecteer/Deselecteer alles,Google Translated,Check or uncheck everything,,Выбрать/Отменить все,,Chọn/Bỏ chọn tất cả,,全選/全不選,
SELECT_GROUP_FOLDER,"When your first run Scout-App, or when there are no projects imported, we show this helper text under the ""Add Group of Projects"" button.",select the group folder,vælge gruppen mappe,Google Translated,,,seleccione la carpeta del grupo,,,,sélectionnez le groupe de projets,,,,csoportot mappa kiválasztása,,selezionare la cartella di gruppo,Google Translated,selecteert u de map groep,Google Translated,pick out your group folder,,выберите папку группы,,chọn nhiều thư mục,,選擇專案群組資料夾,
SELECT_PROJECT_FOLDER,"When your first run Scout-App, or when there are no projects imported, we show this helper text under the ""Add a Project"" button.",select a project folder,vælg et projekt mappe,Google Translated,,,seleccione una carpeta de proyecto,,,,sélectionnez un dossier comme projet,,,,projekt mappa kiválasztása,,selezionare una cartella di progetto,Google Translated,selecteert u een map project,Google Translated,where's your project?,,выберите папку проекта,,chọn một thư mục,,選擇專案資料夾,
SERVER_DOWN,"In the About modal, after the user checks for updates, if there is no response, display this error.",Unable to reach update server. Try again later.,Opdateringsserver ikke tilgængelig. Prøv igen senere. ,,,,No se ha podido conectar con el servidor de actualización. Inténtelo de nuevo más tarde.,,قادر به رسیدن به سرور به روز رسانی. بعدا دوباره تلاش کنید.,Google Translated,Impossible d'accéder au serveur de mise à jour. Réessayez plus tard.,,,,Nem sikerült elérni a frissítési szervert! Próbálja meg később.,,"Imossibile raggiungere il server degli aggiornamenti, riprova più tardi.",,Niet in staat om de update server te berijken. Probeer het later nogmaals.,,Server's dead. Try again some other time.,,Невозможно получить доступ к серверу обновлений. Повторите попытку позже.,,Không thể kết nối đến máy chủ. Hãy thử lại sau.,,無法連結更新伺服器. 稍候再試,
STATUS,In the View menu of the Nav Bar. This is a menu item that will display the 'Status of all Projects' screen if clicked.,Status,Status,?,,,Estado,,وضعیت,Google Translated,Statut,,,,Státusz,,Stato,,Staat,,What's going on now?,,статус,,Trạng thái,,狀態,
STATUS_OF_ALL_PROJECTS,"This is the title of the 'Status of all Projects' screen, and is also used in the sidebar. This section displays all alerts and messages of projects that have been ran.",Status of all Projects,Status på alle projekter,,,,Estado de todos los Proyectos,,وضعیت تمام پروژه,Google Translated,Statut de tous les projets,,,,Projektek állapotai,,Stato dei progetti,,Staat van alle projecten,,How's everything going right now?,,статус всех проектов,,Trạng thái của tất cả dự án,,專案狀態,
STYLESHEET_CHOICE,In the Preferences modal. This is a label for the theme dropdown that lets the user change the visual look of Scout-App.,Theme:,Tema:,,,,Tema:,,سبک:,Google Translated,Style Visuel:,,,,Téma:,,Tema:,,Thema/Stijl,,Theme:,,визуальная тема,,Giao diện:,,佈景主題:,
STYLESHEET_DIRECTORIES,In the project settings view. This is a section heading that controls the way/format the user's CSS will be outputted.,Stylesheet Directories,Stylesheet mapper,,,,Directorios de Hojas de Estilo,,شیوه راهنماها,Google Translated,Répertoires des Feuilles de Style,,,,Stíluslap könyvtárak,,Cartelle degli stili,,Thema Directories,,Stylesheet Directories,,Каталог стилей,,Thư mục Stylesheet,,樣式表位置,
TOGGLE_NAVIGATION,When you resize Scout-App to be smaller the nav bar hides. This is hidden text for those with visual impairments.,Toggle navigation,Omskift navigation,,,,Cambiar modo de navegación,,سوئیچ ناوبری,Google Translated,Basculer la Navigation,,,,Lenyíló navigáció,,Cambia navigazione,,Toggle navigatie,,Show/Hide Navigation,,переключить навигацию,,Toggle navigation,,顯示/隱藏導覽列,
TRANSLATED_BY,In the Preferences modal. This is displayed under the Language dropdown and is followed by a the name of whoever translated that language.,Translated by:,Oversat af:,,,,Traducido por:,,ترجمه شده توسط:,Google Translated,Traduit par:,,,,Fordította:,,Tradotto da:,,Vertaald door:,,Translated by:,,Переведено:,,Được dịch bởi:,,翻譯:,
TRANSLATOR,Who wrote the translations for Scout-App,The Jared Wilcurt,Johan Holst Nielsen,,,,Ireneml.fr,,گوگل,Google Translated,"Stephan Raab, Arthur",,,,Somfai Tibor ( w3suli.com ),,Luca Paco Palomba,,Stephan Raab,,The Chris Lusk,,Daniel Golant,,Zzbaivong,,Hsin Cheng Lin (Luke),
TRANSLATOR_MEME,The alt text for the cultural image displayed when Scout-App's language is changed.,"Hank Hill, from King of the Hill saying ""I process Sass, and Sass Mixins"".","Hank Hill, fra King of the Hill siger 'I process Sass, and Sass Mixins'.",?,,,DEMASIADO CSS PUEDE SER LA PEOR DE LAS LOCURAS. VER CSS COMO ES Y NO COMO DEBERÍA SER.,,,Google Translated,"Daft Punk, avec leur chanson 'Harder, Better, Faster, SASSer'.",,,,Somfai Tibor - Web development is the best game. (A webfejlesztés a legjobb játék.),,Tower of Pisa: .italy{ .pisa{ .tower{ font-style:italic } } },,Denk je dat mijn Sass bestand te groot is? ...dat is letterlijk een walvis,,Don't Tread On Me flag.,,"Винни-Пух, с текстом 'А почему Сасс существует в этом мире? Для меня, чтобы использовать, по моему так'",,"Sass, đâu đâu cũng Sass",http://i.imgur.com/Ryhx7TS.jpg,"CSS 鄙視鏈: Sass, LESS > SMACSS, OOCSS > External, Internal CSS >>> inline CSS",
TRANSLATOR_URL,The URL that is opened when you click on the translator's name.,https://github.com/TheJaredWilcurt,http://phpgeek.dk,,,,http://ireneml.fr,,https://translate.google.com/#en/fa,,"https://github.com/StephanRaab, http://github.com/AnotherJavaCoder",,,,http://w3suli.com/,,https://github.com/lucapalomba,,https://github.com/StephanRaab,,http://www.56whiskeyclub.com,,https://github.com/BlackBetty,,https://baivong.github.io/,,https://hsinchenglin.com,
UPDATE_FOUND,"In the About modal, after the user checks for updates, if a newer version is found, display this message.",Update found!,Opdatering fundet.,,,,Actualización encontrada!,,به روز رسانی پیدا نشد!,Google Translated,Mise à jour trouvée!,,,,Frissítés elérhető!,,Nuovo aggiornamento!,,Update Gevonden!,,I found an update!,,Обновление найдено!,,Đã tìm thấy bản cập nhật!,,有新版本!,
VERSION,"In the About modal, this is the hover text for the version number.",Version,Version,,,,Versión,,نسخهی,Google Translated,Version,,,,Verzió,,Versione,,Versie,,Model,,Версия,,Phiên bản,,版本,
VIEW,Used in the nav bar,View,Vis,,,,Ver,,چشم انداز,Google Translated,Vue,,,,Nézet,,Visalizzazione,,Weergave,,Look At It,,Посмотреть,(jank),Hiển thị,,檢視,
VIEW_LATEST_RELEASE,If check for updates finds a new version,View latest release,Vis seneste udgivelsesmeddelelse,,,,Ver últimas modificaciones,,نمایش آخرین نسخه,Google Translated,Voir la dernière version,,,,Előző kiadások,,Visualizza l'ultimo rilascio,,Bekijk Nieuwste Release,,See lates model,,Посмотреть последний выпуск,(jank),Xem phiên bản mới nhất,,檢視最新版本,
WELCOME_MESSAGE,Larger header shown when you have no projects saved.,Welcome to Scout-App!,Velkommen til Scout-App!,,,,Bienvenido a Scout-App!,,به دیده بانی برنامه خوش آمدید!,Google Translated,Bienvenue dans Scout-App!,,,,Üdvözlet ez a Scout-App!,,Benvenuto su Scout-App,,Welkom tot de Scout-App!,,Well howdy buddy! Welcome to Scout-App!,,Добро пожаловать в Cкаут-Aпп!,,Chào mừng bạn đến Scout-App!,,歡迎使用 Scout-App!,